"Id";"Designator";"Package";"Quantity";"Designation";"Supplier and ref";
1;"REF**";"PlasticScannerLogo";1;"PlasticScannerLogo";;;
2;"D8,D10,D5,D9,D4,D11,D7,D6";"LED_1206_3216Metric_Pad1.42x1.75mm_HandSolder";8;"LED";;;
3;"C7,C20,C10,C8";"C_0603_1608Metric_Pad1.08x0.95mm_HandSolder";4;"0.1uF";;;
4;"R29,R28,R31,R30";"R_0603_1608Metric_Pad0.98x0.95mm_HandSolder";4;"75";;;
5;"R1,R2";"R_0603_1608Metric_Pad0.98x0.95mm_HandSolder";2;"240k";;;
6;"C3,C2";"C_0603_1608Metric_Pad1.08x0.95mm_HandSolder";2;"51p";;;
7;"C5";"C_0603_1608Metric_Pad1.08x0.95mm_HandSolder";1;"100p";;;
8;"Q1";"Diodes_Inc._-_BSS138DW-7-F-A";1;"BSS138DW-7-F";;;
9;"R16";"R_0603_1608Metric_Pad0.98x0.95mm_HandSolder";1;"150";;;
10;"R4,R3";"R_0603_1608Metric_Pad0.98x0.95mm_HandSolder";2;"301";;;
11;"R7,R12,R8,R11";"R_0603_1608Metric_Pad0.98x0.95mm_HandSolder";4;"10k";;;
12;"R6,R5";"R_0603_1608Metric_Pad0.98x0.95mm_HandSolder";2;"51";;;
13;"H2,H1,H4,H3,H5";"MountingHole_2.2mm_M2_ISO7380_Pad";5;"MountingHole";;;
14;"C14,C15,C19";"C_0603_1608Metric_Pad1.08x0.95mm_HandSolder";3;"10uF";;;
15;"C16,C13,C1,C18";"C_0603_1608Metric_Pad1.08x0.95mm_HandSolder";4;"100n";;;
16;"C17";"C_0603_1608Metric_Pad1.08x0.95mm_HandSolder";1;"22u";;;
17;"R20";"R_0603_1608Metric_Pad0.98x0.95mm_HandSolder";1;"435";;;
18;"U2";"Nuvoton-NAU7802SGI";1;"NAU7802SGI";;;
19;"R22,R21,R23";"R_0603_1608Metric_Pad0.98x0.95mm_HandSolder";3;"0";;;
20;"C6";"C_0603_1608Metric_Pad1.08x0.95mm_HandSolder";1;"1uF";;;
21;"R26";"R_0603_1608Metric_Pad0.98x0.95mm_HandSolder";1;"62";;;
22;"TP4";"TestPoint_Pad_D1.5mm";1;"Test_2.5V";;;
23;"U1";"SOIC127P599X175-8N";1;"OPA2376xxD";;;
24;"D1";"D_1206_3216Metric_Pad1.42x1.75mm_HandSolder";1;"0090-3111-185";;;
25;"U3";"SOIC-8_3.9x4.9mm_P1.27mm";1;"LM285D-2.5";;;
26;"C9";"C_0603_1608Metric_Pad1.08x0.95mm_HandSolder";1;"470pF";;;
27;"D3";"Everlight-EAHC2835WD6-MFG";1;"EAHC2835WD6";;;
28;"R27";"R_0603_1608Metric_Pad0.98x0.95mm_HandSolder";1;"70";;;
29;"U5";"SOP65P640X120-16N";1;"TLC59208FIPWR";;;
30;"U7";"AP7312-1833W6-7";1;"AP7312-1833W6-7";;;
31;"C4";"C_0603_1608Metric_Pad1.08x0.95mm_HandSolder";1;"47n";;;
32;"TP3";"TestPoint_Pad_D1.5mm";1;"Test_3.3V";;;
33;"U6";"PSON80P310X200X110-8N";1;"AS7341-DLGT";;;
34;"D2";"LED_0805_2012Metric_Pad1.15x1.40mm_HandSolder";1;"POWER LED";;;
35;"R24";"R_0603_1608Metric_Pad0.98x0.95mm_HandSolder";1;"1k";;;
36;"J2,J3";"JST_SH_SM04B-SRSS-TB_1x04-1MP_P1.00mm_Horizontal";2;"I2C";;;
37;"R25";"R_0603_1608Metric_Pad0.98x0.95mm_HandSolder";1;"56";;;
38;"R32";"R_0603_1608Metric_Pad0.98x0.95mm_HandSolder";1;"82";;;
39;"J1";"PinHeader_1x04_P2.54mm_Vertical";1;"I2C Debug";;;
