Ref,Val,Package,PosX,PosY,Rot,Side
"C1","100n","C_0603_1608Metric_Pad1.08x0.95mm_HandSolder",88.900000,-91.948000,180.000000,top
"C2","51p","C_0603_1608Metric_Pad1.08x0.95mm_HandSolder",95.250000,-96.520000,-90.000000,top
"C3","51p","C_0603_1608Metric_Pad1.08x0.95mm_HandSolder",83.566000,-95.504000,-90.000000,top
"C4","47n","C_0603_1608Metric_Pad1.08x0.95mm_HandSolder",82.296001,-89.408000,-90.000000,top
"C5","100p","C_0603_1608Metric_Pad1.08x0.95mm_HandSolder",80.645000,-89.408000,90.000000,top
"C6","1uF","C_0603_1608Metric_Pad1.08x0.95mm_HandSolder",77.089000,-102.362000,180.000000,top
"C7","0.1uF","C_0603_1608Metric_Pad1.08x0.95mm_HandSolder",77.089000,-100.584000,180.000000,top
"C8","0.1uF","C_0603_1608Metric_Pad1.08x0.95mm_HandSolder",75.311000,-93.472000,-45.000000,top
"C9","470pF","C_0603_1608Metric_Pad1.08x0.95mm_HandSolder",72.263000,-102.743000,0.000000,top
"C10","0.1uF","C_0603_1608Metric_Pad1.08x0.95mm_HandSolder",68.834000,-102.743000,0.000000,top
"C13","100n","C_0603_1608Metric_Pad1.08x0.95mm_HandSolder",110.363000,-107.442000,-90.000000,top
"C14","10uF","C_0603_1608Metric_Pad1.08x0.95mm_HandSolder",110.988500,-101.790500,-90.000000,top
"C15","10uF","C_0603_1608Metric_Pad1.08x0.95mm_HandSolder",109.337501,-101.790500,-90.000000,top
"C16","100n","C_0603_1608Metric_Pad1.08x0.95mm_HandSolder",91.440000,-128.905000,90.000000,top
"C17","22u","C_0603_1608Metric_Pad1.08x0.95mm_HandSolder",89.789000,-128.905000,-90.000000,top
"C18","100n","C_0603_1608Metric_Pad1.08x0.95mm_HandSolder",76.842476,-124.394632,-45.000000,top
"C19","10uF","C_0603_1608Metric_Pad1.08x0.95mm_HandSolder",102.362001,-100.965001,0.000000,top
"C20","0.1uF","C_0603_1608Metric_Pad1.08x0.95mm_HandSolder",102.362001,-102.616002,0.000000,top
"D1","0090-3111-185","D_1206_3216Metric_Pad1.42x1.75mm_HandSolder",89.281000,-107.569000,0.000000,top
"D2","POWER LED","LED_0805_2012Metric_Pad1.15x1.40mm_HandSolder",96.139000,-127.635000,135.000000,top
"D3","EAHC2835WD6","Everlight-EAHC2835WD6-MFG",96.393000,-104.648000,0.000000,top
"D4","LED","LED_1206_3216Metric_Pad1.42x1.75mm_HandSolder",83.185000,-110.871000,30.000000,top
"D5","LED","LED_1206_3216Metric_Pad1.42x1.75mm_HandSolder",85.852000,-113.538000,60.000000,top
"D6","LED","LED_1206_3216Metric_Pad1.42x1.75mm_HandSolder",89.281000,-114.554000,90.000000,top
"D7","LED","LED_1206_3216Metric_Pad1.42x1.75mm_HandSolder",93.218000,-113.665000,120.000000,top
"D8","LED","LED_1206_3216Metric_Pad1.42x1.75mm_HandSolder",95.631000,-111.125000,150.000000,top
"D9","LED","LED_1206_3216Metric_Pad1.42x1.75mm_HandSolder",96.520000,-107.696000,180.000000,top
"D10","LED","LED_1206_3216Metric_Pad1.42x1.75mm_HandSolder",83.185000,-103.886000,-30.000000,top
"D11","LED","LED_1206_3216Metric_Pad1.42x1.75mm_HandSolder",82.169000,-107.442000,0.000000,top
"J2","I2C","JST_SH_SM04B-SRSS-TB_1x04-1MP_P1.00mm_Horizontal",99.568000,-123.571000,45.000000,top
"Q1","BSS138DW-7-F","Diodes_Inc._-_BSS138DW-7-F-A",102.743000,-90.678000,45.000000,top
"R1","240k","R_0603_1608Metric_Pad0.98x0.95mm_HandSolder",97.028000,-96.520000,-90.000000,top
"R2","240k","R_0603_1608Metric_Pad0.98x0.95mm_HandSolder",81.915000,-95.504000,90.000000,top
"R3","301","R_0603_1608Metric_Pad0.98x0.95mm_HandSolder",84.836000,-90.297000,180.000000,top
"R4","301","R_0603_1608Metric_Pad0.98x0.95mm_HandSolder",84.836000,-88.519000,180.000000,top
"R5","51","R_0603_1608Metric_Pad0.98x0.95mm_HandSolder",76.708000,-90.678000,-135.000000,top
"R6","51","R_0603_1608Metric_Pad0.98x0.95mm_HandSolder",77.978000,-91.821000,-135.000000,top
"R7","10k","R_0603_1608Metric_Pad0.98x0.95mm_HandSolder",99.822000,-93.345000,135.000000,top
"R8","10k","R_0603_1608Metric_Pad0.98x0.95mm_HandSolder",102.235000,-95.758000,-45.000000,top
"R11","10k","R_0603_1608Metric_Pad0.98x0.95mm_HandSolder",86.487000,-128.881500,90.000000,top
"R12","10k","R_0603_1608Metric_Pad0.98x0.95mm_HandSolder",88.138000,-128.905000,-90.000000,top
"R16","150","R_0603_1608Metric_Pad0.98x0.95mm_HandSolder",93.345000,-128.016000,-90.000000,top
"R20","435","R_0603_1608Metric_Pad0.98x0.95mm_HandSolder",112.141000,-107.442000,90.000000,top
"R21","0","R_0603_1608Metric_Pad0.98x0.95mm_HandSolder",76.708000,-114.570376,-135.000000,top
"R22","0","R_0603_1608Metric_Pad0.98x0.95mm_HandSolder",76.662871,-119.545293,-45.000000,top
"R23","0","R_0603_1608Metric_Pad0.98x0.95mm_HandSolder",75.585240,-120.622924,-45.000000,top
"R24","1k","R_0603_1608Metric_Pad0.98x0.95mm_HandSolder",75.565000,-113.427376,45.000000,top
"R25","56","R_0603_1608Metric_Pad0.98x0.95mm_HandSolder",82.042000,-114.681000,45.000000,top
"R26","62","R_0603_1608Metric_Pad0.98x0.95mm_HandSolder",84.201000,-117.856000,90.000000,top
"R27","70","R_0603_1608Metric_Pad0.98x0.95mm_HandSolder",89.281000,-118.872000,90.000000,top
"R28","75","R_0603_1608Metric_Pad0.98x0.95mm_HandSolder",94.996000,-117.602000,90.000000,top
"R29","75","R_0603_1608Metric_Pad0.98x0.95mm_HandSolder",96.520000,-117.602000,90.000000,top
"R30","75","R_0603_1608Metric_Pad0.98x0.95mm_HandSolder",100.076000,-108.331000,90.000000,top
"R31","75","R_0603_1608Metric_Pad0.98x0.95mm_HandSolder",79.629000,-101.473000,-90.000000,top
"R32","82","R_0603_1608Metric_Pad0.98x0.95mm_HandSolder",79.629000,-110.490000,90.000000,top
"U1","OPA2376xxD","SOIC127P599X175-8N",89.281000,-95.504000,180.000000,top
"U2","NAU7802SGI","Nuvoton-NAU7802SGI",72.263000,-107.061000,-90.000000,top
"U3","LM285D-2.5","SOIC-8_3.9x4.9mm_P1.27mm",105.791000,-108.458000,0.000000,top
"U5","TLC59208FIPWR","SOP65P640X120-16N",81.153000,-123.317000,135.000000,top
"U6","AS7341-DLGT","PSON80P310X200X110-8N",91.948000,-101.473000,180.000000,top
"U7","AP7312-1833W6-7","AP7312-1833W6-7",106.299000,-101.727000,180.000000,top
